<prezi xsi:schemaLocation="http://prezi.com/schema/prezi/2 http://prezi.com/schema/prezi/2" xmlns:xsi="http://www.w3.org/2001/XMLSchema-instance" version="2" xmlns="http://prezi.com/schema/prezi/2"><xFields><xField name="preziType"><xEnum type="PreziType" value="converted-from-core"/></xField></xFields><background><background><layers><array><backgroundImage><assetSourceFilename><string value="process.png"/></assetSourceFilename><depth><double value="1347.380014781857"/></depth><fadeScale><double value="0.001632798450225035"/></fadeScale><height><double value="2500"/></height><localToWorld><transform2D x="912613.4162877764" y="971224.474236868" scale="1750.4413721888827" rotation="0"/></localToWorld><onlineAssetId><string value="1644285938"/></onlineAssetId><onlineAssetUrl><string value="http://0103.static.prezi.com.s3.amazonaws.com/media/4/8/0/fa30726c6f920d4f72324efc03e19180a1119.png"/></onlineAssetUrl><width><double value="4000"/></width></backgroundImage></array></layers></background></background><documentStyle><documentStyle><fontClasses><array><fontClass><fontFamily><string value="Cabin"/></fontFamily><name><string value="body"/></name></fontClass><fontClass><fontFamily><string value="Cabin"/></fontFamily><fontWeight><fontWeight value="bold"/></fontWeight><name><string value="head"/></name></fontClass><fontClass><fontFamily><string value="Cabin"/></fontFamily><fontStyle><fontStyle value="italic"/></fontStyle><fontWeight><fontWeight value="bold"/></fontWeight><name><string value="strong"/></name></fontClass></array></fontClasses><fontFamilies><array><fontFamily><fontFaces><array><fontFace><fontSrc><string value="Cabin-Regular.keg"/></fontSrc></fontFace><fontFace><fontSrc><string value="Cabin-Bold.keg"/></fontSrc><fontWeight><fontWeight value="bold"/></fontWeight></fontFace><fontFace><fontSrc><string value="Cabin-BoldItalic.keg"/></fontSrc><fontStyle><fontStyle value="italic"/></fontStyle><fontWeight><fontWeight value="bold"/></fontWeight></fontFace><fontFace><fontSrc><string value="Cabin-Italic.keg"/></fontSrc><fontStyle><fontStyle value="italic"/></fontStyle></fontFace></array></fontFaces><name><string value="Cabin"/></name></fontFamily></array></fontFamilies><styleDeclarations><array><styleDeclaration><styleBlock><styleBlock><gradEndAlpha><double value="0.7"/></gradEndAlpha><gradStartAlpha><double value="0.5"/></gradStartAlpha></styleBlock></styleBlock><styleSelector><simpleSelector value="zCircle"/></styleSelector></styleDeclaration><styleDeclaration><styleBlock><styleBlock><color><color value="#191919"/></color><fillType><fillType value="linear"/></fillType><gradEndColor><color value="#191919"/></gradEndColor><gradStartColor><color value="#191919"/></gradStartColor></styleBlock></styleBlock><styleSelector><simpleSelector value="*.line1"/></styleSelector></styleDeclaration><styleDeclaration><styleBlock><styleBlock><color><color value="#333333"/></color><fillType><fillType value="linear"/></fillType><gradEndColor><color value="#333333"/></gradEndColor><gradStartColor><color value="#333333"/></gradStartColor></styleBlock></styleBlock><styleSelector><simpleSelector value="*.line2"/></styleSelector></styleDeclaration><styleDeclaration><styleBlock><styleBlock><color><color value="#2B53B2"/></color><fillType><fillType value="linear"/></fillType><gradEndColor><color value="#2B53B2"/></gradEndColor><gradStartColor><color value="#2B53B2"/></gradStartColor></styleBlock></styleBlock><styleSelector><simpleSelector value="*.line3"/></styleSelector></styleDeclaration><styleDeclaration><styleBlock><styleBlock><color><color value="#595959"/></color><fillType><fillType value="linear"/></fillType><gradEndColor><color value="#595959"/></gradEndColor><gradStartColor><color value="#595959"/></gradStartColor></styleBlock></styleBlock><styleSelector><simpleSelector value="*.line4"/></styleSelector></styleDeclaration><styleDeclaration><styleBlock><styleBlock><color><color value="#737373"/></color><fillType><fillType value="linear"/></fillType><gradEndColor><color value="#737373"/></gradEndColor><gradStartColor><color value="#737373"/></gradStartColor></styleBlock></styleBlock><styleSelector><simpleSelector value="*.line5"/></styleSelector></styleDeclaration><styleDeclaration><styleBlock><styleBlock><fillType><fillType value="linear"/></fillType><gradEndColor><color value="#191919"/></gradEndColor><gradStartColor><color value="#191919"/></gradStartColor></styleBlock></styleBlock><styleSelector><simpleSelector value="*.poly1"/></styleSelector></styleDeclaration><styleDeclaration><styleBlock><styleBlock><fillType><fillType value="linear"/></fillType><gradEndColor><color value="#333333"/></gradEndColor><gradStartColor><color value="#333333"/></gradStartColor></styleBlock></styleBlock><styleSelector><simpleSelector value="*.poly2"/></styleSelector></styleDeclaration><styleDeclaration><styleBlock><styleBlock><fillType><fillType value="linear"/></fillType><gradEndColor><color value="#2B53B2"/></gradEndColor><gradStartColor><color value="#2B53B2"/></gradStartColor></styleBlock></styleBlock><styleSelector><simpleSelector value="*.poly3"/></styleSelector></styleDeclaration><styleDeclaration><styleBlock><styleBlock><fillType><fillType value="linear"/></fillType><gradEndColor><color value="#595959"/></gradEndColor><gradStartColor><color value="#595959"/></gradStartColor></styleBlock></styleBlock><styleSelector><simpleSelector value="*.poly4"/></styleSelector></styleDeclaration><styleDeclaration><styleBlock><styleBlock><fillType><fillType value="linear"/></fillType><gradEndColor><color value="#737373"/></gradEndColor><gradStartColor><color value="#737373"/></gradStartColor></styleBlock></styleBlock><styleSelector><simpleSelector value="*.poly5"/></styleSelector></styleDeclaration><styleDeclaration><styleBlock><styleBlock><fillType><fillType value="linear"/></fillType><gradEndColor><color value="#AAAABB"/></gradEndColor><gradStartColor><color value="#FFFFFF"/></gradStartColor></styleBlock></styleBlock><styleSelector><simpleSelector value="background"/></styleSelector></styleDeclaration><styleDeclaration><styleBlock><styleBlock><borderAlpha><double value="0"/></borderAlpha><borderThickness><double value="0"/></borderThickness><fillType><fillType value="linear"/></fillType><gradEndAlpha><double value="1"/></gradEndAlpha><gradEndColor><color value="#737373"/></gradEndColor><gradStartColor><color value="#737373"/></gradStartColor><thickness><double value="7"/></thickness></styleBlock></styleBlock><styleSelector><simpleSelector value="zArrow"/></styleSelector></styleDeclaration><styleDeclaration><styleBlock><styleBlock><borderAlpha><double value="0"/></borderAlpha><borderThickness><double value="0"/></borderThickness><gradEndAlpha><double value="1"/></gradEndAlpha><gradStartAlpha><double value="1"/></gradStartAlpha><radius><double value="0"/></radius><thickness><double value="100"/></thickness></styleBlock></styleBlock><styleSelector><simpleSelector value="zCircle"/></styleSelector></styleDeclaration><styleDeclaration><styleBlock><styleBlock><color><color value="#333333"/></color></styleBlock></styleBlock><styleSelector><simpleSelector value="zPencil"/></styleSelector></styleDeclaration><styleDeclaration><styleBlock><styleBlock><borderAlpha><double value="0"/></borderAlpha><borderThickness><double value="0"/></borderThickness><fillType><fillType value="linear"/></fillType><gradEndAlpha><double value="1"/></gradEndAlpha><gradEndColor><color value="#2B53B2"/></gradEndColor><gradStartAlpha><double value="1"/></gradStartAlpha><gradStartColor><color value="#2B53B2"/></gradStartColor><padding><double value="1.03"/></padding><radius><double value="10"/></radius><thickness><double value="18"/></thickness></styleBlock></styleBlock><styleSelector><simpleSelector value="zBracketFrame"/></styleSelector></styleDeclaration><styleDeclaration><styleBlock><styleBlock><borderAlpha><double value="0"/></borderAlpha><borderThickness><double value="0"/></borderThickness><fillType><fillType value="linear"/></fillType><gradEndAlpha><double value="1"/></gradEndAlpha><gradEndColor><color value="#2B53B2"/></gradEndColor><gradStartAlpha><double value="1"/></gradStartAlpha><gradStartColor><color value="#2B53B2"/></gradStartColor><padding><double value="1.03"/></padding><thickness><double value="15"/></thickness></styleBlock></styleBlock><styleSelector><simpleSelector value="zCircleFrame"/></styleSelector></styleDeclaration><styleDeclaration><styleBlock><styleBlock><borderAlpha><double value="1"/></borderAlpha><borderColor><color value="#2B53B2"/></borderColor><borderThickness><double value="20"/></borderThickness><fillType><fillType value="linear"/></fillType><gradEndAlpha><double value="1"/></gradEndAlpha><gradEndColor><color value="#8FA7D9"/></gradEndColor><gradStartAlpha><double value="1"/></gradStartAlpha><gradStartColor><color value="#8FA7D9"/></gradStartColor><padding><double value="1.03"/></padding><radius><double value="35"/></radius></styleBlock></styleBlock><styleSelector><simpleSelector value="zRectangleFrame"/></styleSelector></styleDeclaration><styleDeclaration><styleBlock><styleBlock><padding><double value="1.2"/></padding></styleBlock></styleBlock><styleSelector><simpleSelector value="zText"/></styleSelector></styleDeclaration><styleDeclaration><styleBlock><styleBlock><color><color value="#000000"/></color><fontClass><string value="body"/></fontClass></styleBlock></styleBlock><styleSelector><simpleSelector value="zText.body"/></styleSelector></styleDeclaration><styleDeclaration><styleBlock><styleBlock><backgroundAlpha><double value="0.8"/></backgroundAlpha><backgroundColor><color value="#404040"/></backgroundColor><backgroundPadding><double value="5"/></backgroundPadding></styleBlock></styleBlock><styleSelector><simpleSelector value="zText.body-background"/></styleSelector></styleDeclaration><styleDeclaration><styleBlock><styleBlock><color><color value="#2B53B2"/></color><fontClass><string value="head"/></fontClass></styleBlock></styleBlock><styleSelector><simpleSelector value="zText.title"/></styleSelector></styleDeclaration><styleDeclaration><styleBlock><styleBlock><backgroundAlpha><double value="0.8"/></backgroundAlpha><backgroundColor><color value="#FFFFFF"/></backgroundColor><backgroundPadding><double value="5"/></backgroundPadding></styleBlock></styleBlock><styleSelector><simpleSelector value="zText.title-background"/></styleSelector></styleDeclaration><styleDeclaration><styleBlock><styleBlock><color><color value="#000000"/></color><fontClass><string value="strong"/></fontClass></styleBlock></styleBlock><styleSelector><simpleSelector value="zText.subtitle"/></styleSelector></styleDeclaration><styleDeclaration><styleBlock><styleBlock><backgroundAlpha><double value="0.8"/></backgroundAlpha><backgroundColor><color value="#2B53B2"/></backgroundColor><backgroundPadding><double value="5"/></backgroundPadding></styleBlock></styleBlock><styleSelector><simpleSelector value="zText.subtitle-background"/></styleSelector></styleDeclaration><styleDeclaration><styleBlock><styleBlock><borderAlpha><double value="0"/></borderAlpha><borderThickness><double value="0"/></borderThickness><color><color value="#333333"/></color></styleBlock></styleBlock><styleSelector><simpleSelector value="zLine"/></styleSelector></styleDeclaration><styleDeclaration><styleBlock><styleBlock><alpha><double value="0.5"/></alpha><color><color value="#EDFF3D"/></color></styleBlock></styleBlock><styleSelector><simpleSelector value="zMarker"/></styleSelector></styleDeclaration><styleDeclaration><styleBlock><styleBlock><borderAlpha><double value="0"/></borderAlpha><borderThickness><double value="0"/></borderThickness><gradEndAlpha><double value="1"/></gradEndAlpha><gradStartAlpha><double value="1"/></gradStartAlpha><radius><double value="30"/></radius></styleBlock></styleBlock><styleSelector><simpleSelector value="zTriangle"/></styleSelector></styleDeclaration><styleDeclaration><styleBlock><styleBlock><borderAlpha><double value="0"/></borderAlpha><borderThickness><double value="0"/></borderThickness><gradEndAlpha><double value="1"/></gradEndAlpha><gradStartAlpha><double value="1"/></gradStartAlpha><radius><double value="30"/></radius></styleBlock></styleBlock><styleSelector><simpleSelector value="zSquare"/></styleSelector></styleDeclaration><styleDeclaration><styleBlock><styleBlock><thickness><double value="8"/></thickness></styleBlock></styleBlock><styleSelector><simpleSelector value="#72_24309637"/></styleSelector></styleDeclaration><styleDeclaration><styleBlock><styleBlock><thickness><double value="8"/></thickness></styleBlock></styleBlock><styleSelector><simpleSelector value="#73_24309637"/></styleSelector></styleDeclaration><styleDeclaration><styleBlock><styleBlock><thickness><double value="8"/></thickness></styleBlock></styleBlock><styleSelector><simpleSelector value="#74_24309637"/></styleSelector></styleDeclaration><styleDeclaration><styleBlock><styleBlock><thickness><double value="8"/></thickness></styleBlock></styleBlock><styleSelector><simpleSelector value="#75_24309637"/></styleSelector></styleDeclaration><styleDeclaration><styleBlock><styleBlock><thickness><double value="8"/></thickness></styleBlock></styleBlock><styleSelector><simpleSelector value="#76_24309637"/></styleSelector></styleDeclaration><styleDeclaration><styleBlock><styleBlock><thickness><double value="8"/></thickness></styleBlock></styleBlock><styleSelector><simpleSelector value="#77_24309637"/></styleSelector></styleDeclaration><styleDeclaration><styleBlock><styleBlock><thickness><double value="8"/></thickness></styleBlock></styleBlock><styleSelector><simpleSelector value="#78_24309637"/></styleSelector></styleDeclaration><styleDeclaration><styleBlock><styleBlock><borderColor><color value="#333333"/></borderColor></styleBlock></styleBlock><styleSelector><simpleSelector value="#85_24309637"/></styleSelector></styleDeclaration><styleDeclaration><styleBlock><styleBlock><thickness><double value="8"/></thickness></styleBlock></styleBlock><styleSelector><simpleSelector value="#88_24309637"/></styleSelector></styleDeclaration><styleDeclaration><styleBlock><styleBlock><borderColor><color value="#2B53B2"/></borderColor><thickness><double value="7"/></thickness></styleBlock></styleBlock><styleSelector><simpleSelector value="#90_24309637"/></styleSelector></styleDeclaration></array></styleDeclarations></documentStyle></documentStyle><path><array><flyToObject><target><ref value="15_24309637"/></target></flyToObject><flyToObject><target><ref value="85_24309637"/></target></flyToObject><flyToObject><target><ref value="84_24309637"/></target></flyToObject><flyToObject><target><ref value="1_232110138"/></target></flyToObject><flyToObject><target><ref value="2_232110138"/></target></flyToObject><flyToObject><target><ref value="3_232110138"/></target></flyToObject><flyToObject><target><ref value="4_232110138"/></target></flyToObject><flyToObject><target><ref value="11_232110138"/></target></flyToObject><flyToObject><target><ref value="10_232110138"/></target></flyToObject><flyToObject><target><ref value="12_232110138"/></target></flyToObject><flyToObject><target><ref value="23_232110138"/></target></flyToObject><flyToObject><target><ref value="94_24309637"/></target></flyToObject><flyToObject><target><ref value="7_232111047"/></target></flyToObject><flyToObject><target><ref value="1_232111047"/></target></flyToObject><flyToObject><target><ref value="11_232111047"/></target></flyToObject><flyToObject><target><ref value="9_232111047"/></target></flyToObject><flyToObject><target><ref value="10_232111047"/></target></flyToObject><flyToObject><target><ref value="12_232111047"/></target></flyToObject><flyToObject><target><ref value="13_232111047"/></target></flyToObject><flyToObject><target><ref value="10_232214790"/></target></flyToObject><flyToObject><target><ref value="22_232214790"/></target></flyToObject><flyToObject><target><ref value="14_232214790"/></target></flyToObject><flyToObject><target><ref value="15_232214790"/></target></flyToObject><flyToObject><target><ref value="16_232214790"/></target></flyToObject><flyToObject><target><ref value="12_232214790"/></target></flyToObject><flyToObject><target><ref value="18_232214790"/></target></flyToObject><flyToObject><target><ref value="19_232214790"/></target></flyToObject><flyToObject><target><ref value="17_232214790"/></target></flyToObject><flyToObject><target><ref value="20_232214790"/></target></flyToObject><flyToObject><target><ref value="21_232214790"/></target></flyToObject><flyToObject><target><ref value="6_232214790"/></target></flyToObject><flyToObject><target><ref value="100_24309637"/></target></flyToObject><flyToObject><target><ref value="3_232409010"/></target></flyToObject><flyToObject><target><ref value="5_232409010"/></target></flyToObject><flyToObject><target><ref value="7_232409010"/></target></flyToObject><flyToObject><target><ref value="13_232409010"/></target></flyToObject><flyToObject><target><ref value="14_232409010"/></target></flyToObject><flyToObject><target><ref value="18_232409010"/></target></flyToObject><flyToObject><target><ref value="20_232409010"/></target></flyToObject><flyToObject><target><ref value="22_232409010"/></target></flyToObject><flyToObject><target><ref value="25_232409010"/></target></flyToObject><flyToObject><target><ref value="27_232409010"/></target></flyToObject><flyToObject><target><ref value="29_232409010"/></target></flyToObject><flyToObject><target><ref value="31_232409010"/></target></flyToObject><flyToObject><target><ref value="32_232409010"/></target></flyToObject><flyToObject><target><ref value="103_24309637"/></target></flyToObject><flyToObject><target><ref value="28_228861057"/></target></flyToObject><flyToObject><target><ref value="0_228861057"/></target></flyToObject><flyToObject><target><ref value="1_228861057"/></target></flyToObject><flyToObject><target><ref value="2_228861057"/></target></flyToObject><flyToObject><target><ref value="3_228861057"/></target></flyToObject><flyToObject><target><ref value="6_228861057"/></target></flyToObject><flyToObject><target><ref value="8_228861057"/></target></flyToObject><flyToObject><target><ref value="9_228861057"/></target></flyToObject><flyToObject><target><ref value="11_228861057"/></target></flyToObject><flyToObject><target><ref value="10_228861057"/></target></flyToObject><flyToObject><target><ref value="14_228861057"/></target></flyToObject><flyToObject><target><ref value="15_228861057"/></target></flyToObject><flyToObject><target><ref value="16_228861057"/></target></flyToObject><flyToObject><target><ref value="17_228861057"/></target></flyToObject><flyToObject><target><ref value="21_228861057"/></target></flyToObject><flyToObject><target><ref value="27_228861057"/></target></flyToObject><flyToObject><target><ref value="22_228861057"/></target></flyToObject><flyToObject><target><ref value="23_228861057"/></target></flyToObject><flyToObject><target><ref value="26_228861057"/></target></flyToObject><flyToObject><target><ref value="24_228861057"/></target></flyToObject><flyToObject><target><ref value="25_228861057"/></target></flyToObject><flyToObject><target><ref value="4_228861057"/></target></flyToObject><flyToObject><target><ref value="80_24309637"/></target></flyToObject><flyToObject><target><ref value="15_24309637"/></target></flyToObject></array></path><zObjects><array><zInvisibleFrame><height><double value="450.615683750589"/></height><id><string value="15_24309637"/></id><localToWorld><transform2D x="0" y="1.7400115171294613E-12" scale="282.0798533053834" rotation="0"/></localToWorld><styleClasses><array><token value="invisible"/></array></styleClasses><width><double value="792.4783693242255"/></width></zInvisibleFrame><zLine><id><string value="72_24309637"/></id><localToWorld><transform2D x="35445.029222658006" y="-48703.83413309588" scale="181.47420977132575" rotation="3.141592653589793"/></localToWorld><startEndDistance><double value="328.9366534738972"/></startEndDistance><styleClasses><array><token value="line3"/></array></styleClasses></zLine><zLine><id><string value="73_24309637"/></id><localToWorld><transform2D x="5602.08710622036" y="-35300.66492668514" scale="181.47420977132535" rotation="1.5709762357083257"/></localToWorld><startEndDistance><double value="147.70587700949727"/></startEndDistance><styleClasses><array><token value="line3"/></array></styleClasses></zLine><zLine><id><string value="74_24309637"/></id><localToWorld><transform2D x="46288.15327665934" y="-21897.686648049777" scale="181.47420977132592" rotation="3.141491733630124"/></localToWorld><startEndDistance><double value="448.43174923688184"/></startEndDistance><styleClasses><array><token value="line3"/></array></styleClasses></zLine><zLine><id><string value="75_24309637"/></id><localToWorld><transform2D x="86977.5517340198" y="-10032.254191972075" scale="181.47420977132583" rotation="1.5707963267948968"/></localToWorld><startEndDistance><double value="130.81240407107592"/></startEndDistance><styleClasses><array><token value="line3"/></array></styleClasses></zLine><zLine><id><string value="76_24309637"/></id><localToWorld><transform2D x="56420.87586711549" y="1838.4385821238416" scale="181.47420977132583" rotation="-3.141592653589793"/></localToWorld><startEndDistance><double value="336.7349401396492"/></startEndDistance><styleClasses><array><token value="line3"/></array></styleClasses></zLine><zLine><id><string value="77_24309637"/></id><localToWorld><transform2D x="41538.154534257046" y="26100.60871036822" scale="181.47420977132592" rotation="-3.141592653589793"/></localToWorld><startEndDistance><double value="172.7147044090533"/></startEndDistance><styleClasses><array><token value="line3"/></array></styleClasses></zLine><zLine><id><string value="78_24309637"/></id><localToWorld><transform2D x="25867.428011305125" y="13972.82271674815" scale="181.47420977132614" rotation="1.570860580232747"/></localToWorld><startEndDistance><double value="133.67657857924166"/></startEndDistance><styleClasses><array><token value="line3"/></array></styleClasses></zLine><zRectangleFrame><height><double value="600"/></height><id><string value="80_24309637"/></id><localToWorld><transform2D x="70692.57811173722" y="-48705.99046846832" scale="10.215067452842517" rotation="0"/></localToWorld><styleClasses><array><token value="roundrect"/></array></styleClasses><width><double value="1057.8034682080925"/></width></zRectangleFrame><zRectangleFrame><height><double value="600"/></height><id><string value="84_24309637"/></id><localToWorld><transform2D x="45025.7170503691" y="27488.63851687792" scale="17.437710964059786" rotation="0"/></localToWorld><styleClasses><array><token value="roundrect"/></array></styleClasses><width><double value="1056.9182389937107"/></width></zRectangleFrame><zCircleFrame><height><double value="600"/></height><id><string value="85_24309637"/></id><localToWorld><transform2D x="57321.77373084141" y="47217.91507218152" scale="26.11931842264011" rotation="0"/></localToWorld><styleClasses><array><token value="circle"/></array></styleClasses><width><double value="600.2079002079001"/></width></zCircleFrame><zText><id><string value="86_24309637"/></id><localToWorld><transform2D x="71025.45000000004" y="-48715.00000000002" scale="82.93826006607459" rotation="0"/></localToWorld><styleClasses><array><token value="body"/></array></styleClasses><text><text><width>104.75038888765584</width><p align="center"><span><![CDATA[Thank You]]></span></p></text></text></zText><zText><id><string value="87_24309637"/></id><localToWorld><transform2D x="57263.51379901715" y="47275.86147085842" scale="128.39104348059806" rotation="0"/></localToWorld><styleClasses><array><token value="body"/></array></styleClasses><text><text><width>115.25306271896976</width><p align="center"><span><![CDATA[Welcome]]></span></p></text></text></zText><zLine><id><string value="88_24309637"/></id><localToWorld><transform2D x="57215.38193845246" y="32862.795864971355" scale="181.47420977132583" rotation="1.5707963267948957"/></localToWorld><startEndDistance><double value="-74.4725979880618"/></startEndDistance><styleClasses><array><token value="line3"/></array></styleClasses></zLine><zArrow><id><string value="90_24309637"/></id><localToWorld><transform2D x="-25747.56421772949" y="47549.92930198937" scale="181.4742097713261" rotation="6.812847453119368E-17"/></localToWorld><startEndDistance><double value="800.821938325133"/></startEndDistance><styleClasses><array><token value="line3"/></array></styleClasses></zArrow><zRectangleFrame><height><double value="600"/></height><id><string value="94_24309637"/></id><localToWorld><transform2D x="59240.19370269736" y="3110.8786597119433" scale="17.061348831360476" rotation="0"/></localToWorld><styleClasses><array><token value="roundrect"/></array></styleClasses><width><double value="1056.9182389937107"/></width></zRectangleFrame><zRectangleFrame><height><double value="600"/></height><id><string value="100_24309637"/></id><localToWorld><transform2D x="22473.632489671687" y="-22054.044401364812" scale="15.691448675775032" rotation="0"/></localToWorld><styleClasses><array><token value="roundrect"/></array></styleClasses><width><double value="1056.9182389937107"/></width></zRectangleFrame><zRectangleFrame><height><double value="600"/></height><id><string value="103_24309637"/></id><localToWorld><transform2D x="45667.188044686816" y="-48377.42325030667" scale="16.649234315291828" rotation="0"/></localToWorld><styleClasses><array><token value="roundrect"/></array></styleClasses><width><double value="1056.9182389937107"/></width></zRectangleFrame><zImage><assetSourceFilename><string value="Screen Shot 2017-08-08 at 2.36.29 PM.jpg"/></assetSourceFilename><height><double value="1080"/></height><id><string value="0_228861057"/></id><localToWorld><transform2D x="40937.10766898148" y="-50453.19821079699" scale="1.0813982393660095" rotation="0"/></localToWorld><onlineAssetId><string value="4821689201"/></onlineAssetId><onlineAssetUrl><string value="http://0103.static.prezi.com.s3.amazonaws.com/media/7/4/c/e8f39a3d2b7bdbbc4ba5ecfc2d555e5eb2eb8.jpg"/></onlineAssetUrl><width><double value="1920"/></width></zImage><zText><id><string value="70_24309637"/></id><localToWorld><transform2D x="-14558.151830171231" y="39311.3643366921" scale="473.71958202909013" rotation="-1.5543122344752193E-16"/></localToWorld><styleClasses><array><token value="title"/></array></styleClasses><text><text><width>262.60971663132835</width><p><span><![CDATA[One Shot Learning]]></span></p></text></text></zText><zText><id><string value="81_24309637"/></id><localToWorld><transform2D x="-23721.24551839838" y="52727.03650914335" scale="193.12416948688335" rotation="0"/></localToWorld><styleClasses><array><token value="subtitle"/></array></styleClasses><text><text><width>777.5781257046139</width><p><span><![CDATA[Human Level Concept Learning through Probabilistic Program Induction]]></span></p></text></text></zText><zImage><assetSourceFilename><string value="Screen Shot 2017-08-08 at 2.37.56 PM.jpg"/></assetSourceFilename><height><double value="1080"/></height><id><string value="1_228861057"/></id><localToWorld><transform2D x="43301.727024817126" y="-50453.02287228852" scale="1.0813982393660009" rotation="0"/></localToWorld><onlineAssetId><string value="4821689307"/></onlineAssetId><onlineAssetUrl><string value="http://0103.static.prezi.com.s3.amazonaws.com/media/2/0/1/6c63f0b5ff3d2532c7387efaf7154c7a87f16.jpg"/></onlineAssetUrl><width><double value="1920"/></width></zImage><zImage><assetSourceFilename><string value="Screen Shot 2017-08-08 at 2.42.08 PM.jpg"/></assetSourceFilename><height><double value="1080"/></height><id><string value="2_228861057"/></id><localToWorld><transform2D x="45666.77079476094" y="-50453.51707990728" scale="1.0813982393660009" rotation="0"/></localToWorld><onlineAssetId><string value="4821689366"/></onlineAssetId><onlineAssetUrl><string value="http://0103.static.prezi.com.s3.amazonaws.com/media/9/e/8/cd73709abf2dc796e550977d762ae1bdd7487.jpg"/></onlineAssetUrl><width><double value="1920"/></width></zImage><zImage><assetSourceFilename><string value="Screen Shot 2017-08-08 at 2.42.49 PM 1 .jpg"/></assetSourceFilename><height><double value="1080"/></height><id><string value="3_228861057"/></id><localToWorld><transform2D x="48129.2866083936" y="-50453.02287228852" scale="1.0813982393660009" rotation="0"/></localToWorld><onlineAssetId><string value="4821689453"/></onlineAssetId><onlineAssetUrl><string value="http://0103.static.prezi.com.s3.amazonaws.com/media/2/b/9/51cf3ca84d7f3c68f5ae9f88b1ae0c8b5c10b.jpg"/></onlineAssetUrl><width><double value="1920"/></width></zImage><zImage><assetSourceFilename><string value="Screen Shot 2017-08-08 at 2.42.49 PM 2 .jpg"/></assetSourceFilename><height><double value="1080"/></height><id><string value="6_228861057"/></id><localToWorld><transform2D x="50442.80325597018" y="-50453.02287228852" scale="1.0813982393660009" rotation="0"/></localToWorld><onlineAssetId><string value="4821689583"/></onlineAssetId><onlineAssetUrl><string value="http://0103.static.prezi.com.s3.amazonaws.com/media/5/8/d/22826892f4c1edefcbea40874bf3084c91651.jpg"/></onlineAssetUrl><width><double value="1920"/></width></zImage><zImage><assetSourceFilename><string value="Screen Shot 2017-08-08 at 2.42.49 PM 3 .jpg"/></assetSourceFilename><height><double value="1080"/></height><id><string value="8_228861057"/></id><localToWorld><transform2D x="52754.277837736154" y="-50453.02287228852" scale="1.0813982393660009" rotation="0"/></localToWorld><onlineAssetId><string value="4821689625"/></onlineAssetId><onlineAssetUrl><string value="http://0103.static.prezi.com.s3.amazonaws.com/media/2/2/c/295a2b28b992358440a58550af21f054f184f.jpg"/></onlineAssetUrl><width><double value="1920"/></width></zImage><zImage><assetSourceFilename><string value="Screen Shot 2017-08-08 at 2.42.49 PM 4 .jpg"/></assetSourceFilename><height><double value="1080"/></height><id><string value="9_228861057"/></id><localToWorld><transform2D x="38554.35256546424" y="-48805.01727414298" scale="1.0813982393660009" rotation="0"/></localToWorld><onlineAssetId><string value="4821689671"/></onlineAssetId><onlineAssetUrl><string value="http://0103.static.prezi.com.s3.amazonaws.com/media/2/2/7/8c8e1602488df93aa205bbff24cfdf1a728f6.jpg"/></onlineAssetUrl><width><double value="1920"/></width></zImage><zImage><assetSourceFilename><string value="Screen Shot 2017-08-08 at 2.42.49 PM 5 .jpg"/></assetSourceFilename><height><double value="1080"/></height><id><string value="10_228861057"/></id><localToWorld><transform2D x="43301.45596727761" y="-48805.5114817617" scale="1.0813982393660009" rotation="0"/></localToWorld><onlineAssetId><string value="4821689725"/></onlineAssetId><onlineAssetUrl><string value="http://0103.static.prezi.com.s3.amazonaws.com/media/8/9/c/9a3c14a43a92141ad9da7289202f9a9511123.jpg"/></onlineAssetUrl><width><double value="1920"/></width></zImage><zImage><assetSourceFilename><string value="classificaton.jpg"/></assetSourceFilename><height><double value="1080"/></height><id><string value="11_228861057"/></id><localToWorld><transform2D x="40937.290918839186" y="-48804.746216603555" scale="1.0775134442284084" rotation="0"/></localToWorld><onlineAssetId><string value="4821690675"/></onlineAssetId><onlineAssetUrl><string value="http://0103.static.prezi.com.s3.amazonaws.com/media/c/c/0/0f744900ba07828e849280ca3c7a99ad43fc6.jpg"/></onlineAssetUrl><width><double value="1920"/></width></zImage><zImage><assetSourceFilename><string value="01.jpg"/></assetSourceFilename><height><double value="1080"/></height><id><string value="14_228861057"/></id><localToWorld><transform2D x="45667.041852300354" y="-48804.74621660348" scale="1.0775134442284084" rotation="0"/></localToWorld><onlineAssetId><string value="4821690956"/></onlineAssetId><onlineAssetUrl><string value="http://0103.static.prezi.com.s3.amazonaws.com/media/f/b/c/7d2d0def7b7a54ac9e9eb1ca16f57e7408e14.jpg"/></onlineAssetUrl><width><double value="1920"/></width></zImage><zImage><assetSourceFilename><string value="02.jpg"/></assetSourceFilename><height><double value="1080"/></height><id><string value="15_228861057"/></id><localToWorld><transform2D x="48130.05187355183" y="-48805.24042422228" scale="1.0775134442284084" rotation="0"/></localToWorld><onlineAssetId><string value="4821690958"/></onlineAssetId><onlineAssetUrl><string value="http://0103.static.prezi.com.s3.amazonaws.com/media/7/d/0/d97b347b3f9bc6f3aaa34c7b121eeb05e2db7.jpg"/></onlineAssetUrl><width><double value="1920"/></width></zImage><zImage><assetSourceFilename><string value="Screen Shot 2017-08-08 at 2.51.11 PM 1 .jpg"/></assetSourceFilename><height><double value="1080"/></height><id><string value="16_228861057"/></id><localToWorld><transform2D x="50443.07431350966" y="-48805.24042422227" scale="1.0775134442284084" rotation="0"/></localToWorld><onlineAssetId><string value="4821691255"/></onlineAssetId><onlineAssetUrl><string value="http://0103.static.prezi.com.s3.amazonaws.com/media/7/a/1/0ce6f2c77f42bd4857fe82caad73d14ed6504.jpg"/></onlineAssetUrl><width><double value="1920"/></width></zImage><zImage><assetSourceFilename><string value="Screen Shot 2017-08-08 at 2.51.11 PM 2 .jpg"/></assetSourceFilename><height><double value="1080"/></height><id><string value="17_228861057"/></id><localToWorld><transform2D x="52753.78363011733" y="-48805.24042422224" scale="1.0775134442284084" rotation="0"/></localToWorld><onlineAssetId><string value="4821691261"/></onlineAssetId><onlineAssetUrl><string value="http://0103.static.prezi.com.s3.amazonaws.com/media/0/3/0/49a43e928ee90bc15dc75a2bf18d0bf57780f.jpg"/></onlineAssetUrl><width><double value="1920"/></width></zImage><zImage><assetSourceFilename><string value="001.jpg"/></assetSourceFilename><height><double value="1080"/></height><id><string value="21_228861057"/></id><localToWorld><transform2D x="38554.89499409443" y="-47176.25237158265" scale="1.0775134442284084" rotation="0"/></localToWorld><onlineAssetId><string value="4821691553"/></onlineAssetId><onlineAssetUrl><string value="http://0103.static.prezi.com.s3.amazonaws.com/media/b/d/b/48f729b185928efb23c890de34005fe053634.jpg"/></onlineAssetUrl><width><double value="1920"/></width></zImage><zImage><assetSourceFilename><string value="002.jpg"/></assetSourceFilename><height><double value="1080"/></height><id><string value="22_228861057"/></id><localToWorld><transform2D x="43301.950174896374" y="-47175.83790521381" scale="1.0775134442284084" rotation="0"/></localToWorld><onlineAssetId><string value="4821691605"/></onlineAssetId><onlineAssetUrl><string value="http://0103.static.prezi.com.s3.amazonaws.com/media/9/3/8/98c5b2d30a36ff9e726e6451ccf07ba559a53.jpg"/></onlineAssetUrl><width><double value="1920"/></width></zImage><zImage><assetSourceFilename><string value="003.jpg"/></assetSourceFilename><height><double value="1080"/></height><id><string value="23_228861057"/></id><localToWorld><transform2D x="45667.23316858989" y="-47174.99289880568" scale="1.0775134442284084" rotation="0"/></localToWorld><onlineAssetId><string value="4821691665"/></onlineAssetId><onlineAssetUrl><string value="http://0103.static.prezi.com.s3.amazonaws.com/media/2/e/e/d2d6a00aa47e4c364ee9c9e4e5d57075eb08d.jpg"/></onlineAssetUrl><width><double value="1920"/></width></zImage><zImage><assetSourceFilename><string value="006.jpg"/></assetSourceFilename><height><double value="826"/></height><id><string value="24_228861057"/></id><localToWorld><transform2D x="50443.26562979917" y="-47175.54896739239" scale="1.3931486955680437" rotation="0"/></localToWorld><onlineAssetId><string value="4821691855"/></onlineAssetId><onlineAssetUrl><string value="http://0103.static.prezi.com.s3.amazonaws.com/media/0/5/1/e56de35188ef3efe0a995f15b37aea9177173.jpg"/></onlineAssetUrl><width><double value="1485"/></width></zImage><zImage><assetSourceFilename><string value="Screen Shot 2017-08-08 at 3.40.55 PM.png"/></assetSourceFilename><height><double value="1080"/></height><id><string value="25_228861057"/></id><localToWorld><transform2D x="52753.9749464069" y="-47175.48710642442" scale="1.0775134442284084" rotation="0"/></localToWorld><onlineAssetId><string value="4821691901"/></onlineAssetId><onlineAssetUrl><string value="http://0103.static.prezi.com.s3.amazonaws.com/media/d/f/5/40fba7db2144ee277d25b91c16efeeeea0ae6.png"/></onlineAssetUrl><width><double value="1920"/></width></zImage><zVideo><id><string value="26_228861057"/></id><localToWorld><transform2D x="48129.56704827833" y="-47175.03185253337" scale="4.396182315443703" rotation="0"/></localToWorld><onlineAssetId><string value="4821692579"/></onlineAssetId><onlineAssetUrl><string value="http://0103.static.prezi.com.s3.amazonaws.com/converted/9/2/2/460f3823af113717785a4ccddccca82a2fbac.mp4"/></onlineAssetUrl><videoType><string value="video"/></videoType></zVideo><zImage><assetSourceFilename><string value="Screen Shot 2017-08-08 at 2.52.50 PM.png"/></assetSourceFilename><height><double value="1080"/></height><id><string value="27_228861057"/></id><localToWorld><transform2D x="40937.29091883921" y="-47176.523429122135" scale="1.0472076820672942" rotation="0"/></localToWorld><onlineAssetId><string value="4821693463"/></onlineAssetId><onlineAssetUrl><string value="http://0103.static.prezi.com.s3.amazonaws.com/media/b/6/b/360a3c84d57c211594e12dcc71692c827253b.png"/></onlineAssetUrl><width><double value="1920"/></width></zImage><zImage><assetSourceFilename><string value="Capture.PNG"/></assetSourceFilename><height><double value="668"/></height><id><string value="28_228861057"/></id><localToWorld><transform2D x="38554.35256546424" y="-50453.21418857807" scale="1.9037700054810691" rotation="0"/></localToWorld><onlineAssetId><string value="4821693866"/></onlineAssetId><onlineAssetUrl><string value="http://0103.static.prezi.com.s3.amazonaws.com/media/7/6/2/3dfd35272b3f55be1e7e16b9d7649b1807247.PNG"/></onlineAssetUrl><width><double value="952"/></width></zImage><zRectangleFrame><height><double value="600"/></height><id><string value="1_232110138"/></id><localToWorld><transform2D x="41834.72042649085" y="25538.14151199932" scale="2.870031500424893" rotation="0"/></localToWorld><styleClasses><array><token value="roundrect"/></array></styleClasses><width><double value="800"/></width></zRectangleFrame><zRectangleFrame><height><double value="600"/></height><id><string value="2_232110138"/></id><localToWorld><transform2D x="39146.38218892471" y="27488.84066355798" scale="2.870031500424893" rotation="0"/></localToWorld><styleClasses><array><token value="roundrect"/></array></styleClasses><width><double value="800"/></width></zRectangleFrame><zRectangleFrame><height><double value="600"/></height><id><string value="3_232110138"/></id><localToWorld><transform2D x="41835.19426044941" y="29659.45752865244" scale="3.372678515642073" rotation="0"/></localToWorld><styleClasses><array><token value="roundrect"/></array></styleClasses><width><double value="800"/></width></zRectangleFrame><zRectangleFrame><height><double value="600"/></height><id><string value="4_232110138"/></id><localToWorld><transform2D x="45204.08280321988" y="31337.301388048032" scale="3.26351989140873" rotation="0"/></localToWorld><styleClasses><array><token value="roundrect"/></array></styleClasses><width><double value="800"/></width></zRectangleFrame><zRectangleFrame><height><double value="600"/></height><id><string value="10_232214790"/></id><localToWorld><transform2D x="64877.710807008625" y="-22018.324657021494" scale="16.214349611984748" rotation="0"/></localToWorld><styleClasses><array><token value="roundrect"/></array></styleClasses><width><double value="800"/></width></zRectangleFrame><zRectangleFrame><height><double value="600"/></height><id><string value="12_232214790"/></id><localToWorld><transform2D x="60055.201096200784" y="-25674.57026670327" scale="2.964069750633624" rotation="0"/></localToWorld><styleClasses><array><token value="roundrect"/></array></styleClasses><width><double value="800"/></width></zRectangleFrame><zRectangleFrame><height><double value="600"/></height><id><string value="14_232214790"/></id><localToWorld><transform2D x="62793.70246488818" y="-24710.718799926188" scale="2.117192679024017" rotation="0"/></localToWorld><styleClasses><array><token value="roundrect"/></array></styleClasses><width><double value="800"/></width></zRectangleFrame><zRectangleFrame><height><double value="600"/></height><id><string value="15_232214790"/></id><localToWorld><transform2D x="60006.60675865388" y="-23242.748910172217" scale="2.964069750633624" rotation="0"/></localToWorld><styleClasses><array><token value="roundrect"/></array></styleClasses><width><double value="800"/></width></zRectangleFrame><zRectangleFrame><height><double value="600"/></height><id><string value="16_232214790"/></id><localToWorld><transform2D x="62793.7024648882" y="-22688.888251911063" scale="2.117192679024017" rotation="0"/></localToWorld><styleClasses><array><token value="roundrect"/></array></styleClasses><width><double value="800"/></width></zRectangleFrame><zRectangleFrame><height><double value="600"/></height><id><string value="17_232214790"/></id><localToWorld><transform2D x="60006.60675865388" y="-20634.15130209251" scale="2.964069750633624" rotation="0"/></localToWorld><styleClasses><array><token value="roundrect"/></array></styleClasses><width><double value="800"/></width></zRectangleFrame><zRectangleFrame><height><double value="600"/></height><id><string value="18_232214790"/></id><localToWorld><transform2D x="62793.51114859864" y="-20634.34261838207" scale="2.117192679024017" rotation="0"/></localToWorld><styleClasses><array><token value="roundrect"/></array></styleClasses><width><double value="800"/></width></zRectangleFrame><zRectangleFrame><height><double value="600"/></height><id><string value="19_232214790"/></id><localToWorld><transform2D x="60006.60675865388" y="-18381.401992584735" scale="2.964069750633624" rotation="0"/></localToWorld><styleClasses><array><token value="roundrect"/></array></styleClasses><width><double value="800"/></width></zRectangleFrame><zRectangleFrame><height><double value="600"/></height><id><string value="20_232214790"/></id><localToWorld><transform2D x="65381.446597406415" y="-23242.748910172217" scale="2.964069750633624" rotation="0"/></localToWorld><styleClasses><array><token value="roundrect"/></array></styleClasses><width><double value="800"/></width></zRectangleFrame><zRectangleFrame><height><double value="600"/></height><id><string value="21_232214790"/></id><localToWorld><transform2D x="65381.255281116864" y="-20971.250604288067" scale="2.964069750633624" rotation="0"/></localToWorld><styleClasses><array><token value="roundrect"/></array></styleClasses><width><double value="800"/></width></zRectangleFrame><zRectangleFrame><height><double value="600"/></height><id><string value="22_232214790"/></id><localToWorld><transform2D x="67950.25041725872" y="-22017.55939186327" scale="2.964069750633624" rotation="0"/></localToWorld><styleClasses><array><token value="roundrect"/></array></styleClasses><width><double value="800"/></width></zRectangleFrame><zInvisibleFrame><height><double value="600"/></height><id><string value="1_232111047"/></id><localToWorld><transform2D x="64901.81665949256" y="5329.57366967896" scale="3.3660215287942004" rotation="3.134005071287482"/></localToWorld><styleClasses><array><token value="invisible"/></array></styleClasses><width><double value="1073.0050345694765"/></width></zInvisibleFrame><zInvisibleFrame><height><double value="600"/></height><id><string value="7_232111047"/></id><localToWorld><transform2D x="65258.65518763976" y="2485.274392867747" scale="3.4335230894667146" rotation="0"/></localToWorld><styleClasses><array><token value="invisible"/></array></styleClasses><width><double value="1017.5696024629684"/></width></zInvisibleFrame><zInvisibleFrame><height><double value="600"/></height><id><string value="9_232111047"/></id><localToWorld><transform2D x="54039.44784249412" y="5348.705298634441" scale="3.4332085090916853" rotation="0"/></localToWorld><styleClasses><array><token value="invisible"/></array></styleClasses><width><double value="1268.312484741211"/></width></zInvisibleFrame><zInvisibleFrame><height><double value="600"/></height><id><string value="10_232111047"/></id><localToWorld><transform2D x="54024.37770340221" y="2447.3937675358966" scale="3.3227547250289" rotation="-3.1343979901428947"/></localToWorld><styleClasses><array><token value="invisible"/></array></styleClasses><width><double value="1274.8090846006946"/></width></zInvisibleFrame><zInvisibleFrame><height><double value="600"/></height><id><string value="11_232111047"/></id><localToWorld><transform2D x="59435.54875347961" y="5349.661880082212" scale="3.5479285169274233" rotation="0"/></localToWorld><styleClasses><array><token value="invisible"/></array></styleClasses><width><double value="1157.8474396318195"/></width></zInvisibleFrame><zText><id><string value="24_232214790"/></id><localToWorld><transform2D x="60021.98163137812" y="-26341.770173374665" scale="3.478477991905456" rotation="0"/></localToWorld><styleClasses><array><token value="subtitle"/></array></styleClasses><text><text><width>617.8936787475059</width><p><span><![CDATA[One-shot Learning with Memory-Augmented Neural Networks]]></span></p></text></text></zText><zText><id><string value="25_232214790"/></id><localToWorld><transform2D x="60095.2557702776" y="-25977.319598728765" scale="3.478477991905456" rotation="0"/></localToWorld><styleClasses><array><token value="subtitle"/></array></styleClasses><text><text><width>658.5917447580359</width><p><span><![CDATA[Authors Name]]></span></p><p/></text></text></zText><zText><id><string value="26_232214790"/></id><localToWorld><transform2D x="60154.08313982593" y="-25535.62045097397" scale="2.613431999928967" rotation="0"/></localToWorld><styleClasses><array><token value="body"/></array></styleClasses><text><text><width>913.0205211765732</width><p><span><![CDATA[1. ]]></span><span weight="bold"><![CDATA[Adam Santoro ]]></span></p><p><span><![CDATA[   Google DeepMind]]></span></p><p><span><![CDATA[2. ]]></span><span weight="bold"><![CDATA[Sergey Bartunov ]]></span></p><p><span><![CDATA[    Google DeepMind, National Research University Higher School of Economics (HSE)]]></span></p><p><span><![CDATA[3. ]]></span><span weight="bold"><![CDATA[Matthew Botvinick]]></span></p><p><span><![CDATA[4. ]]></span><span weight="bold"><![CDATA[Daan Wierstra]]></span></p><p><span><![CDATA[5. ]]></span><span weight="bold"><![CDATA[Timothy Lillicrap]]></span></p><p><span><![CDATA[    Google DeepMind]]></span></p></text></text></zText><zImage><assetSourceFilename><string value="Screenshot (110).png"/></assetSourceFilename><height><double value="438"/></height><id><string value="6_232110138"/></id><localToWorld><transform2D x="41829.454771762765" y="25524.34724621499" scale="3.2091234870457463" rotation="0"/></localToWorld><onlineAssetId><string value="4821822998"/></onlineAssetId><onlineAssetUrl><string value="http://0103.static.prezi.com.s3.amazonaws.com/media/9/1/6/85abe4d31a04b787aae27ddc253766fd03822.png"/></onlineAssetUrl><width><double value="671"/></width></zImage><zImage><assetSourceFilename><string value="Screenshot (105).png"/></assetSourceFilename><height><double value="441"/></height><id><string value="7_232110138"/></id><localToWorld><transform2D x="38668.71835202793" y="27099.454258119655" scale="1.852163677956961" rotation="0"/></localToWorld><onlineAssetId><string value="4821823412"/></onlineAssetId><onlineAssetUrl><string value="http://0103.static.prezi.com.s3.amazonaws.com/media/c/4/1/d7934101c0d84c3f98b78656b51e0094cfc57.png"/></onlineAssetUrl><width><double value="661"/></width></zImage><zImage><assetSourceFilename><string value="Screenshot (99).png"/></assetSourceFilename><height><double value="463"/></height><id><string value="9_232110138"/></id><localToWorld><transform2D x="45203.90616179394" y="31337.167105337907" scale="3.7766782130912824" rotation="0"/></localToWorld><onlineAssetId><string value="4821824319"/></onlineAssetId><onlineAssetUrl><string value="http://0103.static.prezi.com.s3.amazonaws.com/media/e/f/4/c41631aaec245f0c5387a12b521d6272523ff.png"/></onlineAssetUrl><width><double value="654"/></width></zImage><zRectangleFrame><height><double value="600"/></height><id><string value="4_228861057"/></id><localToWorld><transform2D x="45667.068223942486" y="-45073.85071127043" scale="2.9532743723735355" rotation="0"/></localToWorld><styleClasses><array><token value="roundrect"/></array></styleClasses><width><double value="800"/></width></zRectangleFrame><zRectangleFrame><height><double value="600"/></height><id><string value="10_232110138"/></id><localToWorld><transform2D x="51129.53092331115" y="27523.028523193985" scale="2.8700315004248913" rotation="0"/></localToWorld><styleClasses><array><token value="roundrect"/></array></styleClasses><width><double value="800"/></width></zRectangleFrame><zRectangleFrame><height><double value="600"/></height><id><string value="11_232110138"/></id><localToWorld><transform2D x="48593.25087268318" y="29660.22279381066" scale="2.8700315004248913" rotation="0"/></localToWorld><styleClasses><array><token value="roundrect"/></array></styleClasses><width><double value="800"/></width></zRectangleFrame><zRectangleFrame><height><double value="600"/></height><id><string value="12_232110138"/></id><localToWorld><transform2D x="48516.72435686126" y="25538.69596793159" scale="2.8700315004248913" rotation="0"/></localToWorld><styleClasses><array><token value="roundrect"/></array></styleClasses><width><double value="800"/></width></zRectangleFrame><zText><id><string value="5_228861057"/></id><localToWorld><transform2D x="45688.30433208308" y="-44707.480016773006" scale="3.190625804145324" rotation="0"/></localToWorld><styleClasses><array><token value="body"/></array></styleClasses><text><text><width>683.8064010208916</width><p><span><![CDATA[For Code & Papers: https://github.com/shahariarrabby/One-Shot]]></span></p></text></text></zText><zText><id><string value="7_228861057"/></id><localToWorld><transform2D x="45647.56536696059" y="-45703.089644100684" scale="4.671395239849167" rotation="0"/></localToWorld><styleClasses><array><token value="title"/></array></styleClasses><text><text><width>-77.06400000000001</width><p><span><![CDATA[Source ]]></span></p></text></text></zText><zText><id><string value="12_228861057"/></id><localToWorld><transform2D x="45709.569328695026" y="-45319.635652018536" scale="3.190625804145324" rotation="0"/></localToWorld><styleClasses><array><token value="body"/></array></styleClasses><text><text><width>722.8334189202978</width><p><span><![CDATA[Human Level Concept Learning through Probabilistic Program Induction: http://web.mit.edu/cocosci/Papers/Science-2015-Lake-1332-8.pdf]]></span></p></text></text></zText><zText><id><string value="13_228861057"/></id><localToWorld><transform2D x="45667.77213066068" y="-44937.9596543567" scale="3.190625804145324" rotation="0"/></localToWorld><styleClasses><array><token value="body"/></array></styleClasses><text><text><width>696.6587370650066</width><p><span><![CDATA[One-Shot Learning with Memory Augmented Neural Networks: https://arxiv.org/pdf/1605.06065v1.pdf]]></span></p><p/></text></text></zText><zImage><assetSourceFilename><string value="Screenshot (100).png"/></assetSourceFilename><height><double value="429"/></height><id><string value="14_232110138"/></id><localToWorld><transform2D x="48596.12061702648" y="29662.90122186442" scale="3.362343148140402" rotation="0"/></localToWorld><onlineAssetId><string value="4821827149"/></onlineAssetId><onlineAssetUrl><string value="http://0103.static.prezi.com.s3.amazonaws.com/media/1/e/f/ea4eb4cac97a7dfded1b2f74dd95e5e392702.png"/></onlineAssetUrl><width><double value="640"/></width></zImage><zImage><assetSourceFilename><string value="Screenshot (102).png"/></assetSourceFilename><height><double value="469"/></height><id><string value="15_232110138"/></id><localToWorld><transform2D x="50599.58480124436" y="27125.28195720956" scale="1.6407803697633432" rotation="0"/></localToWorld><onlineAssetId><string value="4821827452"/></onlineAssetId><onlineAssetUrl><string value="http://0103.static.prezi.com.s3.amazonaws.com/media/5/5/f/775ac88b9307d688dc9bceab7f688ffb5e8ab.png"/></onlineAssetUrl><width><double value="662"/></width></zImage><zImage><assetSourceFilename><string value="Screenshot (103).png"/></assetSourceFilename><height><double value="460"/></height><id><string value="16_232110138"/></id><localToWorld><transform2D x="51636.136458052286" y="27918.67060999332" scale="1.751672925239672" rotation="0"/></localToWorld><onlineAssetId><string value="4821827596"/></onlineAssetId><onlineAssetUrl><string value="http://0103.static.prezi.com.s3.amazonaws.com/media/6/b/7/4d28d98fea50d1375192ef3b1349480e6a8c4.png"/></onlineAssetUrl><width><double value="663"/></width></zImage><zImage><assetSourceFilename><string value="images.png"/></assetSourceFilename><height><double value="204"/></height><id><string value="27_232214790"/></id><localToWorld><transform2D x="62793.70246488818" y="-24710.718799926188" scale="6.887861632936125" rotation="0"/></localToWorld><onlineAssetId><string value="4821830406"/></onlineAssetId><onlineAssetUrl><string value="http://0103.static.prezi.com.s3.amazonaws.com/media/8/f/3/59330ba7b5df03147f7a3ddd91ede645c461a.png"/></onlineAssetUrl><width><double value="247"/></width></zImage><zImage><assetSourceFilename><string value="Screenshot (109).png"/></assetSourceFilename><height><double value="454"/></height><id><string value="18_232110138"/></id><localToWorld><transform2D x="48515.38514283437" y="25526.069092820984" scale="3.2306335622440288" rotation="0"/></localToWorld><onlineAssetId><string value="4821830902"/></onlineAssetId><onlineAssetUrl><string value="http://0103.static.prezi.com.s3.amazonaws.com/media/b/d/0/934dae915bbfb8456dc59ac7728b4b611fe71.png"/></onlineAssetUrl><width><double value="658"/></width></zImage><zImage><assetSourceFilename><string value="suttonfig1.jpg"/></assetSourceFilename><height><double value="410"/></height><id><string value="28_232214790"/></id><localToWorld><transform2D x="60006.79807494342" y="-23242.748910172217" scale="4.906930170576782" rotation="0"/></localToWorld><onlineAssetId><string value="4821832567"/></onlineAssetId><onlineAssetUrl><string value="http://0103.static.prezi.com.s3.amazonaws.com/media/0/8/b/af1082051485b3f62237da6e3fc1c681584db.jpg"/></onlineAssetUrl><width><double value="400"/></width></zImage><zImage><assetSourceFilename><string value="1465349086903.jpg"/></assetSourceFilename><height><double value="450"/></height><id><string value="29_232214790"/></id><localToWorld><transform2D x="62793.7024648882" y="-22688.888251911063" scale="3.102645927336407" rotation="0"/></localToWorld><onlineAssetId><string value="4821834589"/></onlineAssetId><onlineAssetUrl><string value="http://0103.static.prezi.com.s3.amazonaws.com/media/c/f/0/3f22b32fea1970cf816581cbb2c0ca8a6d71b.jpg"/></onlineAssetUrl><width><double value="800"/></width></zImage><zImage><assetSourceFilename><string value="Screenshot (108).png"/></assetSourceFilename><height><double value="460"/></height><id><string value="21_232110138"/></id><localToWorld><transform2D x="41826.48491250933" y="29640.956882145056" scale="3.801308723176672" rotation="0"/></localToWorld><onlineAssetId><string value="4821837211"/></onlineAssetId><onlineAssetUrl><string value="http://0103.static.prezi.com.s3.amazonaws.com/media/c/2/d/c2ba8d73cf1c08ab0f4c87e5e45edbdefc9f8.png"/></onlineAssetUrl><width><double value="671"/></width></zImage><zImage><assetSourceFilename><string value="Screenshot (106).png"/></assetSourceFilename><height><double value="446"/></height><id><string value="22_232110138"/></id><localToWorld><transform2D x="39609.22923147931" y="27882.894463846573" scale="1.831399511163715" rotation="0"/></localToWorld><onlineAssetId><string value="4821838942"/></onlineAssetId><onlineAssetUrl><string value="http://0103.static.prezi.com.s3.amazonaws.com/media/0/e/9/96ff764075a8d0021cb74cd228e969a8523c5.png"/></onlineAssetUrl><width><double value="664"/></width></zImage><zImage><assetSourceFilename><string value="nips2013-oneshot-learning-by-inverting-a-compositional-causal-process-6-638.jpg"/></assetSourceFilename><height><double value="479"/></height><id><string value="0_232214790"/></id><localToWorld><transform2D x="62793.511148598634" y="-20634.20596388953" scale="2.586749680220639" rotation="0"/></localToWorld><onlineAssetId><string value="4821839452"/></onlineAssetId><onlineAssetUrl><string value="http://0103.static.prezi.com.s3.amazonaws.com/media/a/5/c/36fa18d03b695a1a467f4a4804b2f16938a47.jpg"/></onlineAssetUrl><width><double value="638"/></width></zImage><zImage><assetSourceFilename><string value="CkAlt3BWYAAjw00.jpg"/></assetSourceFilename><height><double value="392"/></height><id><string value="2_232214790"/></id><localToWorld><transform2D x="60006.79807494342" y="-18381.401992584735" scale="4.120421281941173" rotation="0"/></localToWorld><onlineAssetId><string value="4821840280"/></onlineAssetId><onlineAssetUrl><string value="http://0103.static.prezi.com.s3.amazonaws.com/media/2/8/3/bfd67a492812a8d77fdd223e765c92bd3b2c8.jpg"/></onlineAssetUrl><width><double value="588"/></width></zImage><zText><id><string value="1_232214790"/></id><localToWorld><transform2D x="59099.174465666496" y="-19118.01562328021" scale="4.208958370205601" rotation="0"/></localToWorld><styleClasses><array><token value="title"/></array></styleClasses><text><text><width>-68.92800000000001</width><p><span><![CDATA[MANN]]></span></p></text></text></zText><zRectangleFrame><height><double value="600"/></height><id><string value="23_232110138"/></id><localToWorld><transform2D x="45204.46543579898" y="27488.78290736368" scale="3.157981164250931" rotation="0"/></localToWorld><styleClasses><array><token value="roundrect"/></array></styleClasses><width><double value="800"/></width></zRectangleFrame><zImage><assetSourceFilename><string value="oneshot-learning-24-638.jpg"/></assetSourceFilename><height><double value="479"/></height><id><string value="5_232214790"/></id><localToWorld><transform2D x="60006.79807494342" y="-20634.15130209251" scale="3.905499306847764" rotation="0"/></localToWorld><onlineAssetId><string value="4821841064"/></onlineAssetId><onlineAssetUrl><string value="http://0103.static.prezi.com.s3.amazonaws.com/media/3/d/d/14203787f9adb300e073afbf9cfc1d6b433e6.jpg"/></onlineAssetUrl><width><double value="638"/></width></zImage><zImage><assetSourceFilename><string value="Screenshot (99).png"/></assetSourceFilename><height><double value="767"/></height><id><string value="24_232110138"/></id><localToWorld><transform2D x="45197.96068195413" y="27484.573948993468" scale="2.4034689201359" rotation="0"/></localToWorld><onlineAssetId><string value="4821841076"/></onlineAssetId><onlineAssetUrl><string value="http://0103.static.prezi.com.s3.amazonaws.com/media/3/e/2/c2962a31011f1b0fba23bdc09409120b07734.png"/></onlineAssetUrl><width><double value="769"/></width></zImage><zRectangleFrame><height><double value="600"/></height><id><string value="6_232214790"/></id><localToWorld><transform2D x="63015.438044482216" y="-18855.292441811984" scale="2.179585390586611" rotation="0"/></localToWorld><styleClasses><array><token value="roundrect"/></array></styleClasses><width><double value="800"/></width></zRectangleFrame><zImage><assetSourceFilename><string value="Capture.PNG"/></assetSourceFilename><height><double value="294"/></height><id><string value="7_232214790"/></id><localToWorld><transform2D x="63015.438044482216" y="-18855.292441811984" scale="4.7680076129816795" rotation="0"/></localToWorld><onlineAssetId><string value="4821842452"/></onlineAssetId><onlineAssetUrl><string value="http://0103.static.prezi.com.s3.amazonaws.com/media/0/d/7/468385e9ebb390ddde821437877772c68af63.PNG"/></onlineAssetUrl><width><double value="425"/></width></zImage><zImage><assetSourceFilename><string value="fgbhnm,.PNG"/></assetSourceFilename><height><double value="308"/></height><id><string value="8_232214790"/></id><localToWorld><transform2D x="65381.446597406415" y="-23242.748910172217" scale="6.073812233701554" rotation="0"/></localToWorld><onlineAssetId><string value="4821842806"/></onlineAssetId><onlineAssetUrl><string value="http://0103.static.prezi.com.s3.amazonaws.com/media/3/c/2/7ed70f80dffbf453d559710382a852bf9777e.PNG"/></onlineAssetUrl><width><double value="432"/></width></zImage><zText><id><string value="3_232214790"/></id><localToWorld><transform2D x="68029.86803037088" y="-22132.80082509253" scale="5.092839627948778" rotation="0"/></localToWorld><styleClasses><array><token value="title"/></array></styleClasses><text><text><width>364.73298681126545</width><p><span><![CDATA[One-shot Learning with Memory-Augmented Neural Networks]]></span></p></text></text></zText><zImage><assetSourceFilename><string value="one-shot-learning-deep-learning-meta-learn-30-638.jpg"/></assetSourceFilename><height><double value="479"/></height><id><string value="9_232214790"/></id><localToWorld><transform2D x="65381.255281116864" y="-20971.250604288067" scale="3.905499306847764" rotation="0"/></localToWorld><onlineAssetId><string value="4821855063"/></onlineAssetId><onlineAssetUrl><string value="http://0103.static.prezi.com.s3.amazonaws.com/media/c/d/1/06c3d50c96e15d5021bc1bfd7525c5ddb6a9d.jpg"/></onlineAssetUrl><width><double value="638"/></width></zImage><zImage><assetSourceFilename><string value="definition.png"/></assetSourceFilename><height><double value="122"/></height><id><string value="5_232111047"/></id><localToWorld><transform2D x="54024.33770056485" y="2447.3937675358966" scale="12.42382684887107" rotation="-3.1343979901428947"/></localToWorld><onlineAssetId><string value="4821860228"/></onlineAssetId><onlineAssetUrl><string value="http://0103.static.prezi.com.s3.amazonaws.com/media/a/c/d/b2387c47156d4392de153ae455828a7e1b0d9.png"/></onlineAssetUrl><width><double value="350"/></width></zImage><zImage><assetSourceFilename><string value="image.jpg"/></assetSourceFilename><height><double value="349"/></height><id><string value="8_232111047"/></id><localToWorld><transform2D x="59435.33631804326" y="5349.470563792659" scale="6.837521729541494" rotation="0"/></localToWorld><onlineAssetId><string value="4821861182"/></onlineAssetId><onlineAssetUrl><string value="http://0103.static.prezi.com.s3.amazonaws.com/media/c/4/b/e6f38d364443a87b6d4d583c5e1a38c0cd826.jpg"/></onlineAssetUrl><width><double value="620"/></width></zImage><zInvisibleFrame><height><double value="600"/></height><id><string value="12_232111047"/></id><localToWorld><transform2D x="61107.24937246264" y="2498.666533136583" scale="2.158467252581826" rotation="-3.1343979901428947"/></localToWorld><styleClasses><array><token value="invisible"/></array></styleClasses><width><double value="800"/></width></zInvisibleFrame><zInvisibleFrame><height><double value="600"/></height><id><string value="13_232111047"/></id><localToWorld><transform2D x="58063.98115451442" y="2476.8564761273356" scale="2.088827632926462" rotation="-1.5493953627279209"/></localToWorld><styleClasses><array><token value="invisible"/></array></styleClasses><width><double value="800"/></width></zInvisibleFrame><zImage><assetSourceFilename><string value="Capture.JPG"/></assetSourceFilename><height><double value="329"/></height><id><string value="14_232111047"/></id><localToWorld><transform2D x="61107.058056173075" y="2498.4752168470277" scale="4.116270268893858" rotation="-3.1343979901428947"/></localToWorld><onlineAssetId><string value="4821862494"/></onlineAssetId><onlineAssetUrl><string value="http://0103.static.prezi.com.s3.amazonaws.com/media/8/e/8/56def7e5f61d15e959eaf4f75604b6d2f8958.JPG"/></onlineAssetUrl><width><double value="574"/></width></zImage><zImage><assetSourceFilename><string value="Captffure.JPG"/></assetSourceFilename><height><double value="408"/></height><id><string value="17_232111047"/></id><localToWorld><transform2D x="64901.816659492535" y="5329.764985968514" scale="4.943537674773485" rotation="3.134005071287482"/></localToWorld><onlineAssetId><string value="4821866403"/></onlineAssetId><onlineAssetUrl><string value="http://0103.static.prezi.com.s3.amazonaws.com/media/a/2/0/0e0d63c849e4cdb2829f4d596c7077cd23c81.JPG"/></onlineAssetUrl><width><double value="675"/></width></zImage><zImage><assetSourceFilename><string value="oneshot-learning-17-638.jpg"/></assetSourceFilename><height><double value="478"/></height><id><string value="19_232111047"/></id><localToWorld><transform2D x="65273.16157751839" y="2485.0830765781925" scale="4.272435106159479" rotation="0"/></localToWorld><onlineAssetId><string value="4821868999"/></onlineAssetId><onlineAssetUrl><string value="http://0103.static.prezi.com.s3.amazonaws.com/media/0/9/7/0124a33272139e7496cb19330427814211322.jpg"/></onlineAssetUrl><width><double value="814"/></width></zImage><zSwfGraphics><assetSourceFilename><string value="book.swf"/></assetSourceFilename><height><double value="172"/></height><id><string value="23_232111047"/></id><localToWorld><transform2D x="61182.26647711494" y="4459.275868494174" scale="3.498673645106179" rotation="0"/></localToWorld><onlineAssetId><string value="606655425"/></onlineAssetId><onlineAssetUrl><string value="http://0103.static.prezi.com.s3.amazonaws.com/media/9/0/5/33517afc5ea37933f5b2bfeaa5476f007b7ea.swf"/></onlineAssetUrl><swfBoundsLeft><double value="-108.35"/></swfBoundsLeft><swfBoundsTop><double value="-88.25"/></swfBoundsTop><width><double value="210"/></width></zSwfGraphics><zImage><assetSourceFilename><string value="Conditional-Probability.jpg"/></assetSourceFilename><height><double value="364"/></height><id><string value="18_232111047"/></id><localToWorld><transform2D x="54039.2603711501" y="5348.70529863444" scale="6.358880667664341" rotation="0"/></localToWorld><onlineAssetId><string value="4821867471"/></onlineAssetId><onlineAssetUrl><string value="http://0103.static.prezi.com.s3.amazonaws.com/media/d/0/b/b39f9d09aacf2b9f977f8a9acd765a5549cea.jpg"/></onlineAssetUrl><width><double value="711"/></width></zImage><zSwfGraphics><assetSourceFilename><string value="laptop.swf"/></assetSourceFilename><height><double value="313"/></height><id><string value="24_232111047"/></id><localToWorld><transform2D x="55901.150501097414" y="6185.522749147135" scale="1.4569647810972488" rotation="0"/></localToWorld><onlineAssetId><string value="606687647"/></onlineAssetId><onlineAssetUrl><string value="http://0103.static.prezi.com.s3.amazonaws.com/media/e/6/1/0a479be453f6024d7574af7272a39ce5151a4.swf"/></onlineAssetUrl><swfBoundsLeft><double value="-223.25"/></swfBoundsLeft><swfBoundsTop><double value="-157.1"/></swfBoundsTop><width><double value="445"/></width></zSwfGraphics><zSwfGraphics><assetSourceFilename><string value="tree.swf"/></assetSourceFilename><height><double value="445"/></height><id><string value="25_232111047"/></id><localToWorld><transform2D x="55802.048663108035" y="3231.407922131468" scale="1.3521700200401323" rotation="-3.1343979901428947"/></localToWorld><onlineAssetId><string value="606732775"/></onlineAssetId><onlineAssetUrl><string value="http://0103.static.prezi.com.s3.amazonaws.com/media/4/5/c/42603cec136beff8a19fcd7e01ae70ebdbda0.swf"/></onlineAssetUrl><swfBoundsLeft><double value="-187.8"/></swfBoundsLeft><swfBoundsTop><double value="-224.75"/></swfBoundsTop><width><double value="382"/></width></zSwfGraphics><zSwfGraphics><assetSourceFilename><string value="settings.swf"/></assetSourceFilename><height><double value="172"/></height><id><string value="26_232111047"/></id><localToWorld><transform2D x="60145.119752291546" y="2014.827636852494" scale="1.6562411835498123" rotation="-3.1343979901428947"/></localToWorld><onlineAssetId><string value="606719785"/></onlineAssetId><onlineAssetUrl><string value="http://0103.static.prezi.com.s3.amazonaws.com/media/b/2/d/fca936dc8785398d6e21b034c74a6801f05c9.swf"/></onlineAssetUrl><swfBoundsLeft><double value="-84.3"/></swfBoundsLeft><swfBoundsTop><double value="-87.05"/></swfBoundsTop><width><double value="171"/></width></zSwfGraphics><zSwfGraphics><assetSourceFilename><string value="skull.swf"/></assetSourceFilename><height><double value="217"/></height><id><string value="27_232111047"/></id><localToWorld><transform2D x="58589.14436934235" y="1512.8136930606984" scale="1.0281413728106266" rotation="-1.5493953627279209"/></localToWorld><onlineAssetId><string value="606720767"/></onlineAssetId><onlineAssetUrl><string value="http://0103.static.prezi.com.s3.amazonaws.com/media/0/9/d/e40cec70ef35162e7c92ec73e361f3ea7afe8.swf"/></onlineAssetUrl><swfBoundsLeft><double value="-82.2"/></swfBoundsLeft><swfBoundsTop><double value="-110.7"/></swfBoundsTop><width><double value="164"/></width></zSwfGraphics><zSwfGraphics><assetSourceFilename><string value="yes.swf"/></assetSourceFilename><height><double value="90"/></height><id><string value="29_232111047"/></id><localToWorld><transform2D x="66323.2966908847" y="6078.002994417338" scale="1.3230868861035765" rotation="3.134005071287482"/></localToWorld><onlineAssetId><string value="606739303"/></onlineAssetId><onlineAssetUrl><string value="http://0103.static.prezi.com.s3.amazonaws.com/media/b/b/c/58f388cfb7b62d8b6342001bed3fd384855d3.swf"/></onlineAssetUrl><swfBoundsLeft><double value="-59.3"/></swfBoundsLeft><swfBoundsTop><double value="-45.55"/></swfBoundsTop><width><double value="120"/></width></zSwfGraphics><zSwfGraphics><assetSourceFilename><string value="yes.swf"/></assetSourceFilename><height><double value="90"/></height><id><string value="30_232111047"/></id><localToWorld><transform2D x="66322.14879314738" y="5947.142652361854" scale="1.3194584327461636" rotation="3.134005071287482"/></localToWorld><onlineAssetId><string value="606739303"/></onlineAssetId><onlineAssetUrl><string value="http://0103.static.prezi.com.s3.amazonaws.com/media/b/b/c/58f388cfb7b62d8b6342001bed3fd384855d3.swf"/></onlineAssetUrl><swfBoundsLeft><double value="-59.3"/></swfBoundsLeft><swfBoundsTop><double value="-45.55"/></swfBoundsTop><width><double value="120"/></width></zSwfGraphics><zSwfGraphics><assetSourceFilename><string value="yes.swf"/></assetSourceFilename><height><double value="90"/></height><id><string value="31_232111047"/></id><localToWorld><transform2D x="66313.34824382786" y="5638.740793599518" scale="1.3194584327461691" rotation="3.134005071287482"/></localToWorld><onlineAssetId><string value="606739303"/></onlineAssetId><onlineAssetUrl><string value="http://0103.static.prezi.com.s3.amazonaws.com/media/b/b/c/58f388cfb7b62d8b6342001bed3fd384855d3.swf"/></onlineAssetUrl><swfBoundsLeft><double value="-59.3"/></swfBoundsLeft><swfBoundsTop><double value="-45.55"/></swfBoundsTop><width><double value="120"/></width></zSwfGraphics><zSwfGraphics><assetSourceFilename><string value="target.swf"/></assetSourceFilename><height><double value="233"/></height><id><string value="32_232111047"/></id><localToWorld><transform2D x="66500.26425872289" y="6206.758857287719" scale="0.82721870023281" rotation="3.134005071287482"/></localToWorld><onlineAssetId><string value="606728565"/></onlineAssetId><onlineAssetUrl><string value="http://0103.static.prezi.com.s3.amazonaws.com/media/e/6/5/aa422987550cb3e817cf4707a6ba711c4504a.swf"/></onlineAssetUrl><swfBoundsLeft><double value="-117.9"/></swfBoundsLeft><swfBoundsTop><double value="-120.3"/></swfBoundsTop><width><double value="233"/></width></zSwfGraphics><zSwfGraphics><assetSourceFilename><string value="target.swf"/></assetSourceFilename><height><double value="233"/></height><id><string value="33_232111047"/></id><localToWorld><transform2D x="64074.37370716802" y="1753.680901610192" scale="2.039589854488565" rotation="0"/></localToWorld><onlineAssetId><string value="606728565"/></onlineAssetId><onlineAssetUrl><string value="http://0103.static.prezi.com.s3.amazonaws.com/media/e/6/5/aa422987550cb3e817cf4707a6ba711c4504a.swf"/></onlineAssetUrl><swfBoundsLeft><double value="-117.9"/></swfBoundsLeft><swfBoundsTop><double value="-120.3"/></swfBoundsTop><width><double value="233"/></width></zSwfGraphics><zSwfGraphics><assetSourceFilename><string value="brain.swf"/></assetSourceFilename><height><double value="265"/></height><id><string value="34_232111047"/></id><localToWorld><transform2D x="60754.07950194447" y="5288.4406674246775" scale="2.2661339369544806" rotation="0"/></localToWorld><onlineAssetId><string value="606656173"/></onlineAssetId><onlineAssetUrl><string value="http://0103.static.prezi.com.s3.amazonaws.com/media/0/8/9/b5be5a693b5614cf6ea00a5cfac3456ba842f.swf"/></onlineAssetUrl><swfBoundsLeft><double value="-152.85"/></swfBoundsLeft><swfBoundsTop><double value="-136.85"/></swfBoundsTop><width><double value="306"/></width></zSwfGraphics><zSwfGraphics><assetSourceFilename><string value="sketchy_pin_red.swf"/></assetSourceFilename><height><double value="71"/></height><id><string value="35_232111047"/></id><localToWorld><transform2D x="52062.62047030728" y="1897.742067644956" scale="3.6742985932136087" rotation="-3.1343979901428947"/></localToWorld><onlineAssetId><string value="756933503"/></onlineAssetId><onlineAssetUrl><string value="http://0103.static.prezi.com.s3.amazonaws.com/media/a/3/d/fe3d1df831eeed61a0f6b93a8262d298a8673.swf"/></onlineAssetUrl><width><double value="38"/></width></zSwfGraphics><zSwfGraphics><assetSourceFilename><string value="1.swf"/></assetSourceFilename><height><double value="117"/></height><id><string value="37_232111047"/></id><localToWorld><transform2D x="66884.84364885556" y="3397.279145175477" scale="1.876419551842472" rotation="0"/></localToWorld><onlineAssetId><string value="606640573"/></onlineAssetId><onlineAssetUrl><string value="http://0103.static.prezi.com.s3.amazonaws.com/media/e/c/6/6fe243f3b62b95e573d12bffeb53239f0f681.swf"/></onlineAssetUrl><swfBoundsLeft><double value="-65.4"/></swfBoundsLeft><swfBoundsTop><double value="-61.2"/></swfBoundsTop><width><double value="128"/></width></zSwfGraphics><zSwfGraphics><assetSourceFilename><string value="2.swf"/></assetSourceFilename><height><double value="113"/></height><id><string value="38_232111047"/></id><localToWorld><transform2D x="63384.48716703342" y="4442.057402434243" scale="1.9681876286486577" rotation="3.134005071287482"/></localToWorld><onlineAssetId><string value="606641351"/></onlineAssetId><onlineAssetUrl><string value="http://0103.static.prezi.com.s3.amazonaws.com/media/5/d/f/6bbec2860ea3756841c68fb5ffaec04028d9a.swf"/></onlineAssetUrl><swfBoundsLeft><double value="-61.5"/></swfBoundsLeft><swfBoundsTop><double value="-60.6"/></swfBoundsTop><width><double value="120"/></width></zSwfGraphics><zSwfGraphics><assetSourceFilename><string value="3.swf"/></assetSourceFilename><height><double value="130"/></height><id><string value="39_232111047"/></id><localToWorld><transform2D x="61429.447123219754" y="6428.4944368817305" scale="1.945911367991596" rotation="0"/></localToWorld><onlineAssetId><string value="606642113"/></onlineAssetId><onlineAssetUrl><string value="http://0103.static.prezi.com.s3.amazonaws.com/media/b/6/1/14aed05b3e1f18b58520fff2631d345dc7a7c.swf"/></onlineAssetUrl><swfBoundsLeft><double value="-66.3"/></swfBoundsLeft><swfBoundsTop><double value="-66.8"/></swfBoundsTop><width><double value="130"/></width></zSwfGraphics><zSwfGraphics><assetSourceFilename><string value="4.swf"/></assetSourceFilename><height><double value="121"/></height><id><string value="40_232111047"/></id><localToWorld><transform2D x="56161.71944252552" y="6361.151102958442" scale="2.216294716924854" rotation="0"/></localToWorld><onlineAssetId><string value="606642983"/></onlineAssetId><onlineAssetUrl><string value="http://0103.static.prezi.com.s3.amazonaws.com/media/a/6/7/ce1f074ea5bfb9ddd63ae4500cd37899197ae.swf"/></onlineAssetUrl><swfBoundsLeft><double value="-64.2"/></swfBoundsLeft><swfBoundsTop><double value="-58.95"/></swfBoundsTop><width><double value="123"/></width></zSwfGraphics><zSwfGraphics><assetSourceFilename><string value="5.swf"/></assetSourceFilename><height><double value="121"/></height><id><string value="41_232111047"/></id><localToWorld><transform2D x="51980.92841466739" y="1786.013354544952" scale="2.1559933894063334" rotation="-3.1343979901428947"/></localToWorld><onlineAssetId><string value="606643709"/></onlineAssetId><onlineAssetUrl><string value="http://0103.static.prezi.com.s3.amazonaws.com/media/5/4/1/ee3af8e934549b37feff3cb0d55039d65c9aa.swf"/></onlineAssetUrl><swfBoundsLeft><double value="-64.5"/></swfBoundsLeft><swfBoundsTop><double value="-62.2"/></swfBoundsTop><width><double value="123"/></width></zSwfGraphics><zSwfGraphics><assetSourceFilename><string value="6.swf"/></assetSourceFilename><height><double value="129"/></height><id><string value="42_232111047"/></id><localToWorld><transform2D x="60149.32871066174" y="2003.3486594792048" scale="1.0698714364742323" rotation="-3.1343979901428947"/></localToWorld><onlineAssetId><string value="606644481"/></onlineAssetId><onlineAssetUrl><string value="http://0103.static.prezi.com.s3.amazonaws.com/media/7/2/8/94b09d965be912d754b868b0bd0a0ea3cd3b7.swf"/></onlineAssetUrl><swfBoundsLeft><double value="-67.5"/></swfBoundsLeft><swfBoundsTop><double value="-66.35"/></swfBoundsTop><width><double value="136"/></width></zSwfGraphics><zSwfGraphics><assetSourceFilename><string value="7.swf"/></assetSourceFilename><height><double value="130"/></height><id><string value="43_232111047"/></id><localToWorld><transform2D x="58607.702049429165" y="1513.5789582189177" scale="1.0273894241715236" rotation="-1.5493953627279209"/></localToWorld><onlineAssetId><string value="606645449"/></onlineAssetId><onlineAssetUrl><string value="http://0103.static.prezi.com.s3.amazonaws.com/media/0/a/c/2920fc4ef770cc59c675a5263b9a3bbaf495e.swf"/></onlineAssetUrl><swfBoundsLeft><double value="-66.3"/></swfBoundsLeft><swfBoundsTop><double value="-68.75"/></swfBoundsTop><width><double value="130"/></width></zSwfGraphics><zRectangleFrame><height><double value="600"/></height><id><string value="3_232409010"/></id><localToWorld><transform2D x="17894.542664659843" y="-23258.76284353451" scale="2.513541965543375" rotation="0"/></localToWorld><styleClasses><array><token value="roundrect"/></array></styleClasses><width><double value="800"/></width></zRectangleFrame><zText><id><string value="4_232409010"/></id><localToWorld><transform2D x="18333.41812552878" y="-23334.601388662464" scale="5.0486905933976995" rotation="0"/></localToWorld><styleClasses><array><token value="body"/></array></styleClasses><text><text><width>552</width><p><span><![CDATA[One shot learning is a type of learning ]]></span></p><p><span><![CDATA[that use deep learning networks to ]]></span></p><p><span><![CDATA[build the knowledge.]]></span></p></text></text></zText><zRectangleFrame><height><double value="600"/></height><id><string value="5_232409010"/></id><localToWorld><transform2D x="19971.78937116356" y="-21739.711737626272" scale="2.5758625476518886" rotation="0"/></localToWorld><styleClasses><array><token value="roundrect"/></array></styleClasses><width><double value="800"/></width></zRectangleFrame><zText><id><string value="6_232409010"/></id><localToWorld><transform2D x="19993.689234815552" y="-21783.89502336988" scale="10.097381186795396" rotation="0"/></localToWorld><styleClasses><array><token value="body"/></array></styleClasses><text><text><width>-173.78400000000002</width><p><span><![CDATA[DEEP LEARNING]]></span></p></text></text></zText><zRectangleFrame><height><double value="600"/></height><id><string value="7_232409010"/></id><localToWorld><transform2D x="22029.605603027827" y="-20228.061730269623" scale="2.4324055263738553" rotation="0"/></localToWorld><styleClasses><array><token value="roundrect"/></array></styleClasses><width><double value="800"/></width></zRectangleFrame><zText><id><string value="8_232409010"/></id><localToWorld><transform2D x="22033.984569358858" y="-20561.635930190536" scale="5.151725095303777" rotation="0"/></localToWorld><styleClasses><array><token value="body"/></array></styleClasses><text><text><width>338.5852616652619</width><p><span><![CDATA[Design Pattern for Deep Learning]]></span></p></text></text></zText><zText><id><string value="9_232409010"/></id><localToWorld><transform2D x="21726.16899491445" y="-20291.814328324" scale="5.151725095303777" rotation="0"/></localToWorld><styleClasses><array><token value="body"/></array></styleClasses><text><text><width>-143.66400000000002</width><p><span><![CDATA[Meta Learning]]></span></p></text></text></zText><zText><id><string value="10_232409010"/></id><localToWorld><transform2D x="21809.11176894885" y="-19970.063337496824" scale="5.151725095303777" rotation="0"/></localToWorld><styleClasses><array><token value="body"/></array></styleClasses><text><text><width>-175.872</width><p><span><![CDATA[Learning to Learn]]></span></p></text></text></zText><zRectangleFrame><height><double value="600"/></height><id><string value="11_232409010"/></id><localToWorld><transform2D x="24001.04200387321" y="-18767.676458878403" scale="2.3539536791418434" rotation="0"/></localToWorld><styleClasses><array><token value="roundrect"/></array></styleClasses><width><double value="800"/></width></zRectangleFrame><zText><id><string value="12_232409010"/></id><localToWorld><transform2D x="21418.816776408235" y="-20123.53845640164" scale="5.151725095303777" rotation="0"/></localToWorld><styleClasses><array><token value="body"/></array></styleClasses><text><text><width>153.93599999999998</width><p align="right"><span><![CDATA[or]]></span></p></text></text></zText><zImage><assetSourceFilename><string value="dsaf.PNG"/></assetSourceFilename><height><double value="451"/></height><id><string value="13_232409010"/></id><localToWorld><transform2D x="24000.99018730188" y="-18767.758963070537" scale="1.922229722900286" rotation="0"/></localToWorld><onlineAssetId><string value="4821878169"/></onlineAssetId><onlineAssetUrl><string value="http://0103.static.prezi.com.s3.amazonaws.com/media/b/7/f/24258c8be2a65e333ecb9de99b7aa9671f7f6.PNG"/></onlineAssetUrl><width><double value="803"/></width></zImage><zRectangleFrame><height><double value="600"/></height><id><string value="14_232409010"/></id><localToWorld><transform2D x="25927.47778669071" y="-20227.88664820699" scale="2.2778256254171287" rotation="0"/></localToWorld><styleClasses><array><token value="roundrect"/></array></styleClasses><width><double value="800"/></width></zRectangleFrame><zText><id><string value="15_232409010"/></id><localToWorld><transform2D x="25948.599859581467" y="-20655.016175858636" scale="5.0486905933976995" rotation="0"/></localToWorld><styleClasses><array><token value="body"/></array></styleClasses><text><text><width>-273.144</width><p><span><![CDATA[NURAL TURING MACHINE]]></span></p></text></text></zText><zImage><assetSourceFilename><string value="mem.PNG"/></assetSourceFilename><height><double value="406"/></height><id><string value="16_232409010"/></id><localToWorld><transform2D x="25927.477786690717" y="-20135.541975873697" scale="1.626245762145249" rotation="0"/></localToWorld><onlineAssetId><string value="4821880666"/></onlineAssetId><onlineAssetUrl><string value="http://0103.static.prezi.com.s3.amazonaws.com/media/7/d/8/b486769eebfed853a50d69068520979a6970a.PNG"/></onlineAssetUrl><width><double value="590"/></width></zImage><zRectangleFrame><height><double value="600"/></height><id><string value="17_232409010"/></id><localToWorld><transform2D x="27761.62071374625" y="-21545.053961948794" scale="2.204476963237788" rotation="0"/></localToWorld><styleClasses><array><token value="roundrect"/></array></styleClasses><width><double value="800"/></width></zRectangleFrame><zImage><assetSourceFilename><string value="m1.PNG"/></assetSourceFilename><height><double value="472"/></height><id><string value="18_232409010"/></id><localToWorld><transform2D x="27761.491920618868" y="-21545.053961948794" scale="1.8069182272602953" rotation="0"/></localToWorld><onlineAssetId><string value="4821880951"/></onlineAssetId><onlineAssetUrl><string value="http://0103.static.prezi.com.s3.amazonaws.com/media/0/a/5/18bad5a819a462408d5994afd8ba3dab73df9.PNG"/></onlineAssetUrl><width><double value="800"/></width></zImage><zRectangleFrame><height><double value="600"/></height><id><string value="19_232409010"/></id><localToWorld><transform2D x="29577.088637331297" y="-22930.09525382121" scale="2.1332267430506837" rotation="0"/></localToWorld><styleClasses><array><token value="roundrect"/></array></styleClasses><width><double value="800"/></width></zRectangleFrame><zImage><assetSourceFilename><string value="lstm.PNG"/></assetSourceFilename><height><double value="480"/></height><id><string value="20_232409010"/></id><localToWorld><transform2D x="29576.831051076533" y="-22929.96646069386" scale="1.6278831342798812" rotation="0"/></localToWorld><onlineAssetId><string value="4821884407"/></onlineAssetId><onlineAssetUrl><string value="http://0103.static.prezi.com.s3.amazonaws.com/media/6/1/a/a21c6f334a1eb6a5b04f46275ce5b2bbd7c05.PNG"/></onlineAssetUrl><width><double value="928"/></width></zImage><zRectangleFrame><height><double value="600"/></height><id><string value="21_232409010"/></id><localToWorld><transform2D x="27916.04367347798" y="-24192.13910904326" scale="2.064518303677581" rotation="0"/></localToWorld><styleClasses><array><token value="roundrect"/></array></styleClasses><width><double value="800"/></width></zRectangleFrame><zImage><assetSourceFilename><string value="m2.PNG"/></assetSourceFilename><height><double value="477"/></height><id><string value="22_232409010"/></id><localToWorld><transform2D x="27931.88522814604" y="-24151.440480790356" scale="1.645328691900238" rotation="0"/></localToWorld><onlineAssetId><string value="4821885089"/></onlineAssetId><onlineAssetUrl><string value="http://0103.static.prezi.com.s3.amazonaws.com/media/e/c/e/2d2bf138e9c8dc8a9b07a0c27bef890e4dd27.PNG"/></onlineAssetUrl><width><double value="880"/></width></zImage><zRectangleFrame><height><double value="600"/></height><id><string value="24_232409010"/></id><localToWorld><transform2D x="26124.53127158608" y="-25457.01641306773" scale="1.997793817479796" rotation="0"/></localToWorld><styleClasses><array><token value="roundrect"/></array></styleClasses><width><double value="800"/></width></zRectangleFrame><zImage><assetSourceFilename><string value="m3.PNG"/></assetSourceFilename><height><double value="439"/></height><id><string value="25_232409010"/></id><localToWorld><transform2D x="26124.53127158608" y="-25457.01641306773" scale="1.680333964980259" rotation="0"/></localToWorld><onlineAssetId><string value="4821886751"/></onlineAssetId><onlineAssetUrl><string value="http://0103.static.prezi.com.s3.amazonaws.com/media/f/b/5/1997a2b9a17f44e8bb4ef1fd3e1d5e5e28ef7.PNG"/></onlineAssetUrl><width><double value="888"/></width></zImage><zRectangleFrame><height><double value="600"/></height><id><string value="26_232409010"/></id><localToWorld><transform2D x="24404.499055391523" y="-24192.13910904326" scale="1.9979917673002623" rotation="0"/></localToWorld><styleClasses><array><token value="roundrect"/></array></styleClasses><width><double value="800"/></width></zRectangleFrame><zImage><assetSourceFilename><string value="m4.PNG"/></assetSourceFilename><height><double value="437"/></height><id><string value="27_232409010"/></id><localToWorld><transform2D x="24404.37026226416" y="-24192.010315915875" scale="1.6675178477501598" rotation="0"/></localToWorld><onlineAssetId><string value="4821886876"/></onlineAssetId><onlineAssetUrl><string value="http://0103.static.prezi.com.s3.amazonaws.com/media/4/5/7/ab4a0245b08d559300f63feda71411d1b4925.PNG"/></onlineAssetUrl><width><double value="904"/></width></zImage><zRectangleFrame><height><double value="600"/></height><id><string value="28_232409010"/></id><localToWorld><transform2D x="22824.722554916636" y="-22930.22404694859" scale="1.933546094657544" rotation="0"/></localToWorld><styleClasses><array><token value="roundrect"/></array></styleClasses><width><double value="800"/></width></zRectangleFrame><zImage><assetSourceFilename><string value="m5.PNG"/></assetSourceFilename><height><double value="471"/></height><id><string value="29_232409010"/></id><localToWorld><transform2D x="22824.722554916636" y="-22930.09525382121" scale="1.694582824682053" rotation="0"/></localToWorld><onlineAssetId><string value="4821887836"/></onlineAssetId><onlineAssetUrl><string value="http://0103.static.prezi.com.s3.amazonaws.com/media/8/0/0/fefa47edbc24119a6129c761890cfea35e2ab.PNG"/></onlineAssetUrl><width><double value="857"/></width></zImage><zRectangleFrame><height><double value="600"/></height><id><string value="30_232409010"/></id><localToWorld><transform2D x="21252.029676447783" y="-24055.23201463556" scale="1.8711933532522425" rotation="0"/></localToWorld><styleClasses><array><token value="roundrect"/></array></styleClasses><width><double value="800"/></width></zRectangleFrame><zImage><assetSourceFilename><string value="m6.PNG"/></assetSourceFilename><height><double value="465"/></height><id><string value="31_232409010"/></id><localToWorld><transform2D x="21252.029676447783" y="-24055.23201463556" scale="1.7164484095166563" rotation="0"/></localToWorld><onlineAssetId><string value="4821887981"/></onlineAssetId><onlineAssetUrl><string value="http://0103.static.prezi.com.s3.amazonaws.com/media/e/6/3/492f42c17eef075837c1fc0babce581dd5241.PNG"/></onlineAssetUrl><width><double value="829"/></width></zImage><zRectangleFrame><height><double value="600"/></height><id><string value="32_232409010"/></id><localToWorld><transform2D x="19618.675234981707" y="-25102.44893338344" scale="1.8107979650826895" rotation="0"/></localToWorld><styleClasses><array><token value="roundrect"/></array></styleClasses><width><double value="800"/></width></zRectangleFrame><zText><id><string value="33_232409010"/></id><localToWorld><transform2D x="19607.08385351727" y="-25373.73877690213" scale="5.0486905933976995" rotation="0"/></localToWorld><styleClasses><array><token value="body"/></array></styleClasses><text><text><width>-201.072</width><p><span><![CDATA[Memory Addressing]]></span></p></text></text></zText><zText><id><string value="34_232409010"/></id><localToWorld><transform2D x="19615.326613669768" y="-25169.215290618587" scale="3.606207566712644" rotation="0"/></localToWorld><styleClasses><array><token value="body"/></array></styleClasses><text><text><width>-149.256</width><p><span><![CDATA[Content Based]]></span></p></text></text></zText><zText><id><string value="35_232409010"/></id><localToWorld><transform2D x="19623.311787567476" y="-25006.807156989125" scale="3.606207566712644" rotation="0"/></localToWorld><styleClasses><array><token value="body"/></array></styleClasses><text><text><width>-153.744</width><p><span><![CDATA[Location Based]]></span></p></text></text></zText><zImage><assetSourceFilename><string value="full.png"/></assetSourceFilename><height><double value="350"/></height><id><string value="2_232111047"/></id><localToWorld><transform2D x="58172.00000000002" y="2479.2000000000007" scale="4.257623951246756" rotation="-1.5493953627279209"/></localToWorld><onlineAssetId><string value="4821985174"/></onlineAssetId><onlineAssetUrl><string value="http://0103.static.prezi.com.s3.amazonaws.com/media/7/d/2/e557bc7c5d7365fd11ded9dc40af46e9e072f.png"/></onlineAssetUrl><width><double value="367"/></width></zImage></array></zObjects></prezi>